2024-12,US,칠성 사이다,Chilsung Cider,15
2024-12,JP,칠성 사이다,チルソンサイダー,14
2024-12,VN,칠성 사이다,Chilsung Cider,13
2025-01,US,칠성 사이다,Chilsung Cider,13
2024-12,VN,녹차,trà xanh,100
2025-01,JP,칠성 사이다,チルソンサイダー,4
2024-12,JP,녹차,緑茶,108
2024-12,US,녹차,green tea,175
2025-01,VN,칠성 사이다,Chilsung Cider,12
2025-02,US,칠성 사이다,Chilsung Cider,11
2025-02,US,녹차,green tea,50
2025-02,JP,칠성 사이다,チルソンサイダー,6
2025-01,JP,녹차,緑茶,180
2025-02,VN,칠성 사이다,Chilsung Cider,9
2025-01,US,녹차,green tea,464
2025-02,JP,녹차,緑茶,145
2025-03,US,칠성 사이다,Chilsung Cider,16
2025-01,VN,녹차,trà xanh,455
2025-03,JP,칠성 사이다,チルソンサイダー,9
2025-03,JP,녹차,緑茶,50
2025-03,VN,칠성 사이다,Chilsung Cider,11
2025-04,US,칠성 사이다,Chilsung Cider,27
2025-02,VN,녹차,trà xanh,203
2025-04,JP,칠성 사이다,チルソンサイダー,16
2025-03,US,녹차,green tea,224
2025-04,VN,칠성 사이다,Chilsung Cider,21
2025-03,VN,녹차,trà xanh,203
2025-04,VN,녹차,trà xanh,25
2025-05,US,칠성 사이다,Chilsung Cider,24
2025-04,JP,녹차,緑茶,166
2025-05,JP,칠성 사이다,チルソンサイダー,13
2025-05,VN,칠성 사이다,Chilsung Cider,21
2025-05,VN,녹차,trà xanh,25
2025-05,US,녹차,green tea,175
2025-06,US,칠성 사이다,Chilsung Cider,30
2025-04,US,녹차,green tea,197
2025-06,JP,칠성 사이다,チルソンサイダー,15
2025-06,VN,칠성 사이다,Chilsung Cider,25
2025-05,JP,녹차,緑茶,267
2025-07,US,칠성 사이다,Chilsung Cider,25
2025-06,VN,녹차,trà xanh,75
2025-07,JP,칠성 사이다,チルソンサイダー,15
2025-06,JP,녹차,緑茶,204
2025-07,VN,칠성 사이다,Chilsung Cider,23
2025-07,US,녹차,green tea,225
2025-08,US,칠성 사이다,Chilsung Cider,26
2025-06,US,녹차,green tea,233
2025-08,JP,칠성 사이다,チルソンサイダー,11
2025-07,JP,녹차,緑茶,203
2025-07,VN,녹차,trà xanh,202
2025-08,VN,칠성 사이다,Chilsung Cider,25
2025-09,US,칠성 사이다,Chilsung Cider,39
2025-08,JP,녹차,緑茶,250
2025-09,JP,칠성 사이다,チルソンサイダー,42
2025-09,JP,녹차,緑茶,229
2025-09,VN,칠성 사이다,Chilsung Cider,32
2025-09,US,녹차,green tea,291
2025-08,VN,녹차,trà xanh,467
2025-10,US,칠성 사이다,Chilsung Cider,15
2025-10,US,녹차,green tea,25
2025-10,JP,칠성 사이다,チルソンサイダー,6
2025-08,US,녹차,green tea,462
2025-10,VN,칠성 사이다,Chilsung Cider,13
2025-11,US,칠성 사이다,Chilsung Cider,18
2025-10,JP,녹차,緑茶,100
2025-11,JP,칠성 사이다,チルソンサイダー,10
2025-09,VN,녹차,trà xanh,222
2025-11,VN,칠성 사이다,Chilsung Cider,18
2025-10,VN,녹차,trà xanh,225
2025-11,US,녹차,green tea,300
2025-11,JP,녹차,緑茶,251
2025-11,VN,녹차,trà xanh,425

2024-12,JP,녹차,緑茶韓国,0
2024-12,JP,칠성 사이다,チルソンサイダー韓国,2
2024-12,US,칠성 사이다,Chilsung Cider korea,3
2025-01,US,칠성 사이다,Chilsung Cider korea,1
2024-12,VN,칠성 사이다,Chilsung Cider Hàn Quốc,1
2024-12,VN,녹차,trà xanh Hàn Quốc,22
2024-12,US,녹차,green tea korea,51
2025-01,JP,칠성 사이다,チルソンサイダー韓国,0
2025-01,JP,녹차,緑茶韓国,0
2025-01,US,녹차,green tea korea,47
2025-01,VN,칠성 사이다,Chilsung Cider Hàn Quốc,0
2025-02,US,칠성 사이다,Chilsung Cider korea,2
2025-01,VN,녹차,trà xanh Hàn Quốc,27
2025-02,JP,칠성 사이다,チルソンサイダー韓国,0
2025-02,US,녹차,green tea korea,47
2025-02,JP,녹차,緑茶韓国,0
2025-02,VN,칠성 사이다,Chilsung Cider Hàn Quốc,1
2025-03,US,칠성 사이다,Chilsung Cider korea,2
2025-02,VN,녹차,trà xanh Hàn Quốc,20
2025-03,JP,칠성 사이다,チルソンサイダー韓国,2
2025-03,US,녹차,green tea korea,33
2025-03,VN,칠성 사이다,Chilsung Cider Hàn Quốc,0
2025-03,JP,녹차,緑茶韓国,1
2025-03,VN,녹차,trà xanh Hàn Quốc,23
2025-04,US,칠성 사이다,Chilsung Cider korea,5
2025-04,JP,칠성 사이다,チルソンサイダー韓国,3
2025-04,JP,녹차,緑茶韓国,3
2025-04,VN,칠성 사이다,Chilsung Cider Hàn Quốc,2
2025-04,VN,녹차,trà xanh Hàn Quốc,18
2025-04,US,녹차,green tea korea,63
2025-05,US,칠성 사이다,Chilsung Cider korea,3
2025-05,US,녹차,green tea korea,6
2025-05,JP,칠성 사이다,チルソンサイダー韓国,1
2025-05,JP,녹차,緑茶韓国,6
2025-05,VN,칠성 사이다,Chilsung Cider Hàn Quốc,0
2025-05,VN,녹차,trà xanh Hàn Quốc,25
2025-06,US,칠성 사이다,Chilsung Cider korea,7
2025-06,JP,칠성 사이다,チルソンサイダー韓国,0
2025-06,JP,녹차,緑茶韓国,3
2025-06,VN,칠성 사이다,Chilsung Cider Hàn Quốc,0
2025-06,VN,녹차,trà xanh Hàn Quốc,35
2025-07,US,칠성 사이다,Chilsung Cider korea,4
2025-07,US,녹차,green tea korea,0
2025-07,JP,칠성 사이다,チルソンサイダー韓国,0
2025-06,US,녹차,green tea korea,105
2025-07,JP,녹차,緑茶韓国,3
2025-07,VN,칠성 사이다,Chilsung Cider Hàn Quốc,0
2025-07,VN,녹차,trà xanh Hàn Quốc,28
2025-08,US,칠성 사이다,Chilsung Cider korea,4
2025-08,JP,칠성 사이다,チルソンサイダー韓国,0
2025-08,JP,녹차,緑茶韓国,2
2025-08,VN,칠성 사이다,Chilsung Cider Hàn Quốc,0
2025-08,US,녹차,green tea korea,67
2025-09,US,칠성 사이다,Chilsung Cider korea,2
2025-09,JP,칠성 사이다,チルソンサイダー韓国,0
2025-08,VN,녹차,trà xanh Hàn Quốc,63
2025-09,JP,녹차,緑茶韓国,0
2025-09,VN,칠성 사이다,Chilsung Cider Hàn Quốc,0
2025-09,US,녹차,green tea korea,65
2025-09,VN,녹차,trà xanh Hàn Quốc,21
2025-10,US,칠성 사이다,Chilsung Cider korea,0
2025-10,JP,칠성 사이다,チルソンサイダー韓国,0
2025-10,JP,녹차,緑茶韓国,3
2025-10,VN,칠성 사이다,Chilsung Cider Hàn Quốc,0
2025-10,VN,녹차,trà xanh Hàn Quốc,27
2025-10,US,녹차,green tea korea,83
2025-11,US,칠성 사이다,Chilsung Cider korea,0
2025-11,JP,칠성 사이다,チルソンサイダー韓国,1
2025-11,JP,녹차,緑茶韓国,0
2025-11,VN,칠성 사이다,Chilsung Cider Hàn Quốc,0
2025-11,US,녹차,green tea korea,55
2025-11,VN,녹차,trà xanh Hàn Quốc,15
