순위,국가명,HS코드,품목명,카테고리,2025년수출액($),2026성공확률(%),2026성공예측
1,VN,2106109020,단백질 농축물,제21류_기능성/혼합음료,0,93.71,증가
2,VN,2008971090,기타,제20류_과일농축음료,0,91.97,증가
3,VN,2106109030,텍스처화한(textured) 단백질계 물질,제21류_기능성/혼합음료,2754,91.92,증가
4,VN,2008701000,설탕을 첨가하여 밀폐용기에 넣은 것,제20류_과일농축음료,682,91.18,증가
5,VN,2008600000,체리,제20류_과일농축음료,76,90.87,증가
6,VN,2104102000,어류로 만든 것,제21류_기능성/혼합음료,209,90.49,증가
7,VN,2105001090,기타,제21류_기능성/혼합음료,178229,89.88,증가
8,VN,2106903029,기타,제21류_기능성/혼합음료,595035,89.2,증가
9,VN,2105009010,코코아를 함유하지 않은 것,제21류_기능성/혼합음료,564,88.99,증가
10,VN,0403201000,액체 상태인 것,제04류_우유류,351,88.11,증가
11,VN,2202992000,과실주스 음료,제22류_일반음료,66849,88.08,증가
12,VN,2206002030,탁주,제22류_일반음료,18073,87.51,증가
13,VN,2005519000,기타,제20류_과일농축음료,763,86.3,증가
14,VN,2207200000,변성 에틸알코올과 그 밖의 변성 주정(알코올의 용량은 상관없다),제22류_일반음료,290,86.26,증가
15,VN,0402290000,기타,제04류_우유류,3725,86.17,증가
16,VN,2008995090,기타,제20류_과일농축음료,4115,85.87,증가
17,VN,0402999000,기타,제04류_우유류,116,85.34,증가
18,VN,2207109090,기타,제22류_일반음료,94,85.27,증가
19,VN,2005700000,올리브,제20류_과일농축음료,0,84.88,증가
20,VN,2102201000,불활성 효모,제21류_기능성/혼합음료,85,84.43,증가
21,VN,2009901020,사과주스를 주요 재료로 만든 것,제20류_과일농축음료,673,84.21,증가
22,VN,0403209000,기타,제04류_우유류,8012,83.97,증가
23,VN,2106909010,커피크리머,제21류_기능성/혼합음료,397835,83.39,증가
24,VN,2206002020,약주,제22류_일반음료,7264,82.73,증가
25,VN,2106903011,인삼차,제21류_기능성/혼합음료,17559,80.16,증가
26,VN,2101201000,설탕ㆍ레몬이나 이들의 대용물을 함유한 것,제21류_기능성/혼합음료,1325,79.69,증가
27,VN,2103909010,마요네스,제21류_기능성/혼합음료,1888,79.22,증가
28,VN,2206002090,기타,제22류_일반음료,13287,78.73,증가
29,VN,2005999000,기타,제20류_과일농축음료,23750,78.49,증가
30,VN,2008995010,김,제20류_과일농축음료,1801071,78.47,증가
31,VN,2202999000,기타,제22류_일반음료,2664252,78.23,증가
32,VN,2009901090,기타,제20류_과일농축음료,0,77.81,증가
33,VN,2008200000,파인애플,제20류_과일농축음료,0,77.77,증가
34,VN,2008309000,기타,제20류_과일농축음료,0,77.53,증가
35,VN,2101209090,기타,제21류_기능성/혼합음료,1081,77.46,증가
36,VN,2208909000,기타,제22류_일반음료,690,77.45,증가
37,VN,2202993000,식혜,제22류_일반음료,992,76.84,증가
38,VN,2106903019,기타,제21류_기능성/혼합음료,36389,76.52,증가
39,VN,2008119000,기타,제20류_과일농축음료,0,76.07,증가
40,VN,2009690000,기타,제20류_과일농축음료,2491,74.57,증가
41,VN,2103901010,된장,제21류_기능성/혼합음료,40355,74.48,증가
42,VN,2106909060,도토리 가루,제21류_기능성/혼합음료,910,74.36,증가
43,VN,2206009090,기타,제22류_일반음료,2649,74.05,증가
44,VN,2209001000,양조식초,제22류_일반음료,30995,73.64,증가
45,VN,2008993000,팝콘,제20류_과일농축음료,0,73.0,증가
46,VN,2208301000,스카치 위스키,제22류_일반음료,39069,72.95,증가
47,VN,0403202000,냉동한 것,제04류_우유류,26193,72.94,증가
48,VN,2005512000,팥,제20류_과일농축음료,1095,72.08,증가
49,VN,0402101010,탈지(脫脂)분유,제04류_우유류,91,71.6,증가
50,VN,2101209019,기타,제21류_기능성/혼합음료,0,70.13,증가
51,VN,2208701000,인삼주,제22류_일반음료,1330,69.76,증가
52,VN,2104101000,육류로 만든 것,제21류_기능성/혼합음료,5450,69.59,증가
53,VN,2103201000,토마토 케첩,제21류_기능성/혼합음료,1365,69.53,증가
54,VN,2005209000,기타,제20류_과일농축음료,760,69.47,증가
55,VN,2106909080,"음료 제조용 조제품[방향성(芳香性) 물질을 기본 재료로 한 것은 제외하며, 알코올 용량이 전 용량의 100분의 0.5를 초과하는 것으로 한정한다]",제21류_기능성/혼합음료,0,69.36,증가
56,VN,2106909099,기타,제21류_기능성/혼합음료,4664872,68.01,증가
57,VN,0406101010,모차렐라 치즈(Mozzarella cheese),제04류_우유류,1773,66.87,증가
58,VN,2208904000,소주,제22류_일반음료,420726,66.5,증가
59,VN,2005991000,김치,제20류_과일농축음료,21005,63.13,증가
60,VN,2101309000,기타,제21류_기능성/혼합음료,150,62.66,증가
61,VN,2101129090,기타,제21류_기능성/혼합음료,0,62.27,증가
62,VN,2106901020,과일향의 음료베이스,제21류_기능성/혼합음료,24381,62.25,증가
63,VN,2008301000,유자,제20류_과일농축음료,38524,61.88,증가
64,VN,2102209000,기타,제21류_기능성/혼합음료,0,61.76,증가
65,VN,0406909000,기타,제04류_우유류,76513,61.76,증가
66,VN,2009311000,레몬주스,제20류_과일농축음료,37,60.01,증가
67,VN,2202101000,색깔을 입힌 것,제22류_일반음료,37276,57.28,증가
68,VN,2103909090,기타,제21류_기능성/혼합음료,1112605,57.06,증가
69,VN,2106901090,기타,제21류_기능성/혼합음료,41317,56.9,증가
70,VN,2009610000,브릭스(Brix) 값이 30 이하인 것,제20류_과일농축음료,0,56.87,증가
71,VN,2202991000,인삼음료,제22류_일반음료,813414,55.67,증가
72,VN,0401509000,기타,제04류_우유류,50,55.0,증가
73,VN,2206002010,청주,제22류_일반음료,3395,54.66,증가
74,VN,2008191000,밤,제20류_과일농축음료,1736,54.48,증가
75,VN,2008800000,초본류 딸기,제20류_과일농축음료,2638,53.75,증가
76,VN,2003901000,표고버섯,제20류_과일농축음료,0,53.01,증가
77,VN,2008991000,포도,제20류_과일농축음료,0,51.97,증가
78,VN,2101111000,인스턴트 커피,제21류_기능성/혼합음료,511286,50.25,증가
79,VN,0406200000,갈았거나 가루 모양으로 한 모든 종류의 치즈,제04류_우유류,0,50.21,증가
80,VN,2103202000,그 밖의 토마토 소스,제21류_기능성/혼합음료,1171,48.94,증가
81,VN,2201100000,광천수와 탄산수,제22류_일반음료,54998,48.84,증가
82,VN,2101121000,인스턴트 커피의 조제품,제21류_기능성/혼합음료,93020,48.73,증가
83,VN,2008999000,기타,제20류_과일농축음료,241860,48.3,증가
84,VN,2008111000,피넛 버터,제20류_과일농축음료,0,47.38,증가
85,VN,2101301000,보리의 것,제21류_기능성/혼합음료,6572,46.85,증가
86,VN,2008199000,기타,제20류_과일농축음료,61396,44.24,증가
87,VN,2009909000,기타,제20류_과일농축음료,12310,44.11,증가
88,VN,2102101000,양조효모,제21류_기능성/혼합음료,872,42.82,증가
89,VN,2202109000,기타,제22류_일반음료,59588,42.39,증가
90,VN,2005800000,스위트콘[자메이스 변종 사카라타(Zea mays var. saccharata)],제20류_과일농축음료,1265,41.66,증가
91,VN,2201909000,기타,제22류_일반음료,4020,41.19,증가
92,VN,2103100000,간장,제21류_기능성/혼합음료,146660,40.81,증가
93,VN,2106101000,두부,제21류_기능성/혼합음료,14349,40.4,증가
94,VN,2105009090,기타,제21류_기능성/혼합음료,5472,39.49,증가
95,VN,2005592000,팥,제20류_과일농축음료,20429,39.16,증가
96,VN,0401100000,지방분이 전 중량의 100분의 1 이하인 것,제04류_우유류,3420,39.05,증가
97,VN,2101209011,티백 포장의 것,제21류_기능성/혼합음료,5190,38.61,증가
98,VN,2103302000,조제한 겨자,제21류_기능성/혼합음료,2129,38.04,증가
99,VN,2001909090,기타,제20류_과일농축음료,10144,38.04,증가
100,VN,2009902000,채소로 만든 것,제20류_과일농축음료,0,37.77,증가
101,VN,2005599000,기타,제20류_과일농축음료,0,37.69,증가
102,VN,2106909030,아이스크림 제조용 조제품,제21류_기능성/혼합음료,9519,37.47,증가
103,VN,2008992000,사과,제20류_과일농축음료,8907,37.24,증가
104,VN,2102300000,조제한 베이킹 파우더,제21류_기능성/혼합음료,0,37.04,증가
105,VN,2001100000,오이류,제20류_과일농축음료,0,36.39,증가
106,VN,2009319000,기타,제20류_과일농축음료,0,34.89,감소
107,VN,2009399000,기타,제20류_과일농축음료,0,34.15,감소
108,VN,2006009090,기타,제20류_과일농축음료,0,34.05,감소
109,VN,2009710000,브릭스(Brix) 값이 20 이하인 것,제20류_과일농축음료,3327,33.47,감소
110,VN,2103901020,춘장,제21류_기능성/혼합음료,29710,33.44,감소
111,VN,2009891090,기타,제20류_과일농축음료,6496,33.28,감소
112,VN,2101129010,밀크ㆍ크림 또는 이들의 대용물을 함유한 것,제21류_기능성/혼합음료,30440,32.3,감소
113,VN,2009892000,채소 주스,제20류_과일농축음료,0,32.11,감소
114,VN,2008979000,기타,제20류_과일농축음료,0,31.85,감소
115,VN,2002909000,기타,제20류_과일농축음료,0,31.01,감소
116,VN,2009500000,토마토주스,제20류_과일농축음료,0,30.98,감소
117,VN,2106909050,향미(香味)용 조제품,제21류_기능성/혼합음료,14300,30.86,감소
118,VN,2105001010,코코아를 함유하지 않은 것,제21류_기능성/혼합음료,48493,30.85,감소
119,VN,2007999000,기타,제20류_과일농축음료,15016,30.28,감소
120,VN,0406101090,기타,제04류_우유류,106,29.46,감소
121,VN,0409000000,천연꿀,제04류_우유류,0,27.81,감소
122,VN,2009790000,기타,제20류_과일농축음료,3852,26.0,감소
123,VN,2106903021,홍삼차,제21류_기능성/혼합음료,24334,25.33,감소
124,VN,0401409000,기타,제04류_우유류,22627,24.53,감소
125,VN,0401200000,지방분이 전 중량의 100분의 1 초과 100분의 6 이하인 것,제04류_우유류,41831,23.93,감소
126,VN,2008709000,기타,제20류_과일농축음료,786,22.87,감소
127,VN,2104109000,기타,제21류_기능성/혼합음료,92503,22.24,감소
128,VN,2103909030,혼합조미료,제21류_기능성/혼합음료,199688,21.84,감소
129,VN,2103901030,고추장,제21류_기능성/혼합음료,539803,21.81,감소
130,VN,2101119000,기타,제21류_기능성/혼합음료,0,21.15,감소
131,VN,0406300000,가공치즈(갈았거나 가루 모양의 것은 제외한다),제04류_우유류,495892,21.03,감소
132,VN,2104103000,채소로 만든 것,제21류_기능성/혼합음료,26198,20.96,감소
133,VN,2103909020,인스턴트 카레,제21류_기능성/혼합음료,26678,20.93,감소
134,VN,2106909040,자기소화효모(autolyzed yeast)와 그 밖의 효모 추출물(extract),제21류_기능성/혼합음료,36075,20.27,감소
135,VN,2008193000,볶은 참깨가루,제20류_과일농축음료,9499,19.24,감소
136,VN,2206001090,기타,제22류_일반음료,29916,19.2,감소
137,VN,2004909000,기타,제20류_과일농축음료,0,18.93,감소
138,VN,2008192000,코코넛,제20류_과일농축음료,0,18.61,감소
139,VN,2005910000,죽순,제20류_과일농축음료,0,18.52,감소
140,VN,2003909000,기타,제20류_과일농축음료,0,18.3,감소
141,VN,2203000000,맥주,제22류_일반음료,0,18.28,감소
142,VN,2208709000,기타,제22류_일반음료,214991,18.26,감소
143,VN,2106902000,당시럽[향미제(香味劑)나 착색제를 첨가한 것으로 한정한다],제21류_기능성/혼합음료,38293,17.88,감소
144,VN,2007911000,잼ㆍ과실젤리와 마멀레이드(marmalade),제20류_과일농축음료,0,17.63,감소
145,VN,2103301000,겨자의 고운 가루ㆍ거친 가루,제21류_기능성/혼합음료,3254,16.76,감소
146,VN,2103901090,기타,제21류_기능성/혼합음료,152327,16.02,감소
147,VN,2007919000,기타,제20류_과일농축음료,1385,15.88,감소
148,VN,2008971010,설탕을 첨가한 밀폐용기에 넣은 것,제20류_과일농축음료,0,14.63,감소
149,VN,2104200000,균질화한 혼합 조제 식료품,제21류_기능성/혼합음료,19201,14.06,감소
150,VN,2106909091,"로열젤리, 벌꿀조제품의 것",제21류_기능성/혼합음료,93870,13.7,감소
151,VN,2009190000,기타,제20류_과일농축음료,0,13.08,감소
152,VN,2209009000,기타,제22류_일반음료,421402,11.6,감소
153,VN,2007991000,잼ㆍ과실젤리와 마멀레이드(marmalade),제20류_과일농축음료,16537,9.95,감소
154,VN,2009391000,레몬주스,제20류_과일농축음료,0,6.83,감소
155,VN,2106909070,알로에를 기본 재료로 한 조제품,제21류_기능성/혼합음료,0,4.63,감소
156,VN,2204299000,기타,제22류_일반음료,0,3.19,감소
157,VN,2208400000,럼(rum)과 발효된 사탕수수제품을 증류하여 얻은 그 밖의 증류주,제22류_일반음료,0,3.17,감소
158,VN,2009901010,오렌지주스를 주요 재료로 만든 것,제20류_과일농축음료,0,3.05,감소
159,VN,2004100000,감자,제20류_과일농축음료,0,3.05,감소
160,VN,2208309000,기타,제22류_일반음료,0,2.85,감소
161,VN,2008930000,"크랜베리(cranberry)[바치니움 매크로카르폰(Vaccinium macrocarpon)ㆍ바치니움 옥시코코스(Vaccinium oxycoccos), 링곤베리(lingonberry)[바치니움 비티스-이다에아(Vaccinium vitis-idaea)]",제20류_과일농축음료,0,2.73,감소
162,VN,2009210000,브릭스(Brix) 값이 20 이하인 것,제20류_과일농축음료,0,2.61,감소
163,VN,0405100000,버터,제04류_우유류,0,2.53,감소
164,VN,2204219000,기타,제22류_일반음료,0,2.04,감소
165,VN,0402991000,가당연유(加糖煉乳),제04류_우유류,0,1.04,감소
166,VN,2001909070,양파,제20류_과일농축음료,0,1.04,감소
167,VN,2009410000,브릭스(Brix) 값이 20 이하인 것,제20류_과일농축음료,0,1.04,감소
168,VN,2005400000,완두[피섬 새티범(Pisum sativum)],제20류_과일농축음료,0,1.04,감소
169,VN,2208500000,진(gin)과 제네바(geneva),제22류_일반음료,0,1.04,감소
170,VN,2102103000,제빵효모,제21류_기능성/혼합음료,0,1.04,감소
171,VN,2208600000,보드카,제22류_일반음료,0,1.04,감소
172,VN,2009891030,코코넛 주스(코코넛 워터를 포함한다),제20류_과일농축음료,0,1.04,감소
173,VN,0410902000,로열젤리,제04류_우유류,0,1.01,감소
174,VN,0410901000,칼새둥지,제04류_우유류,0,1.01,감소
175,VN,2001909020,토마토,제20류_과일농축음료,0,1.01,감소
176,VN,2004901000,스위트콘,제20류_과일농축음료,0,1.01,감소
177,VN,2009392000,라임주스,제20류_과일농축음료,0,1.01,감소
178,VN,2009490000,기타,제20류_과일농축음료,0,1.01,감소
179,VN,2009312000,라임주스,제20류_과일농축음료,0,1.01,감소
180,VN,2008500000,살구,제20류_과일농축음료,0,1.01,감소
181,VN,2005109000,기타,제20류_과일농축음료,0,0.99,감소
182,VN,2006009020,죽순,제20류_과일농축음료,0,0.99,감소
183,VN,2009290000,기타,제20류_과일농축음료,0,0.98,감소
184,VN,2001901000,과실과 견과류,제20류_과일농축음료,0,0.97,감소
